{
  "resources.json": 1602575803879,
  "manifest.json": 1602575803874,
  "model/xlsx.js": 1602575337710,
  "model/models.js": 1602575089417,
  "model/jszip.js": 1602575325854,
  "model/formatter.js": 1602575089417,
  "controller/Worklist.controller.js": 1602575658121,
  "controller/Object.controller.js": 1602575658173,
  "controller/NotFound.controller.js": 1602575089413,
  "controller/ErrorHandler.js": 1602575089413,
  "controller/BaseController.js": 1602575089413,
  "controller/App.controller.js": 1602575089413,
  "Component.js": 1602575089413,
  "manifest-bundle.zip": 1602575798177,
  "Component-preload.js": 1602575801541,
  "controller/App-dbg.controller.js": 1602575089413,
  "model/models-dbg.js": 1602575089417,
  "model/jszip-dbg.js": 1602575325854,
  "model/formatter-dbg.js": 1602575089417,
  "controller/Worklist-dbg.controller.js": 1602575658121,
  "controller/Object-dbg.controller.js": 1602575658173,
  "controller/NotFound-dbg.controller.js": 1602575089413,
  "controller/ErrorHandler-dbg.js": 1602575089413,
  "controller/BaseController-dbg.js": 1602575089413,
  "model/xlsx-dbg.js": 1602575337710,
  "Component-dbg.js": 1602575089413,
  "i18n/i18n.properties": 1602575089417,
  "view/Worklist.view.xml": 1602575166832,
  "view/ObjectNotFound.view.xml": 1602575089429,
  "view/Object.view.xml": 1602575200239,
  "view/NotFound.view.xml": 1602575089425,
  "view/ExcelUpload.fragment.xml": 1602575221147,
  "view/App.view.xml": 1602575089425,
  "test.html": 1602575089417
}